name,id,海边派对的搭配,春天在哪里,办公室明星,夏日物语,圣诞家庭聚会,年轻的春游,运动进行时,金色音乐厅,夏季游园会,女王大人,冬天里的一把火,大侦探福尔摩斯,宫廷歌舞会,奇幻童话园,有女初长成,绝色无双,清秀佳人
火焰,101,8778,3300,14289,8778,0,2211,4389,16467,4389,18678,6600,8778,16467,10989,8778,12078,7689
迷梦碎花,102,13383,6411,19290,14364,4389,7203,8886,12087,9975,16287,5586,12276,12605,7203,10098,7019,12978
鸢尾短裙,104,10989,14289,10989,18678,12078,14289,14289,4389,16467,6600,3300,10989,4389,14289,10989,8778,18678
玫瑰池,106,10900,7014,21452,16758,5586,8400,9786,13052,11172,16486,2500,16758,12286,8400,13986,9786,15372
陶艺,107,6312,2814,16103,9084,9084,5586,4200,12279,5586,11385,6996,16103,12058,3498,13331,8560,9084
透亮心情,108,15486,18984,6600,14222,14298,19205,18390,0,18687,2211,8589,6151,0,10427,5709,3498,14001
金融精英,109,6151,1762,17970,9084,7887,3498,2630,16683,3498,15561,8778,17970,16386,5586,16234,11997,9084
迷梦金蕊,110,16758,9786,10512,11898,4200,8400,8400,13284,9786,16098,12600,3498,14670,17484,3498,9084,10512
青春记忆,111,13925,17796,7203,15037,13170,17499,18535,0,18756,2814,6128,6600,0,9612,6600,4389,14740
流浪,112,2211,6600,13167,12078,12276,7689,7689,10540,8778,8778,3498,18008,9451,7689,18008,13840,13167
纯白,113,14487,9900,13619,15378,7689,10989,9900,7019,12078,10098,6798,8778,7887,10989,6600,4389,14289
作曲家,114,6600,2211,16467,8778,8778,4389,3300,14289,4389,13167,8778,16467,14289,4389,14289,9900,8778
轻粉蝶,115,15378,9900,13398,14487,7689,10989,9900,6798,12078,10098,7689,7887,7887,10098,5709,3498,13398
翠意,116,14892,17392,7797,14066,13597,18455,17689,0,17986,2211,7689,6846,0,8480,5314,2500,13597
阴天,117,10098,13398,10098,17338,11408,13398,13840,3498,15797,5709,2630,10098,3498,12507,10098,7887,17338
圆点点,118,14066,17095,6600,14222,13347,17316,16501,0,17736,2211,6700,6151,0,10427,5709,3498,14001
野餐布,119,11978,16119,6151,13398,13338,16341,15898,0,16836,1762,5800,6600,0,9451,6600,4389,13619
飘,120,8400,9514,15289,17441,8086,10280,12286,6889,13672,9703,0,13735,6269,9083,12204,8769,16675
测绘师,121,18984,14298,10503,11737,9230,15090,15037,3300,14816,7203,11408,4389,4389,6312,2211,0,10351
天真猫,122,18984,15189,9833,12186,9900,15981,15486,2630,15486,6312,11187,4389,3498,7203,2211,0,10800
水母小姐,124,15372,20958,2814,12600,12600,18186,19572,4389,18186,6114,11997,2814,4389,16989,5586,9975,12600
水母公主,125,15372,20958,2814,12600,12600,18186,19572,5586,18186,7014,12600,2814,5586,18186,5586,11172,12600
古墓谪仙,126,0,5586,11172,9786,11172,4200,5586,19572,5586,15372,8400,18186,18186,15372,20958,23772,11172
枫女忍,127,17664,13275,5511,7203,6411,12186,11592,8886,10800,10800,15792,0,9975,13383,0,5586,6114
枫叶女忍,128,18861,13275,6411,7203,6411,12186,11592,9786,10800,11997,16989,0,11172,13383,0,5586,6114
枫千叶女忍,129,20958,15372,7014,8400,7014,13986,13986,9786,12600,12600,18186,0,11172,13986,0,5586,7014
鬼姬冥花,130,19587,14001,11997,11737,10427,15684,14740,4200,14816,7797,12605,5586,5586,5709,2814,0,10648
鬼姬冥花·华丽,131,20292,13331,12748,10846,10427,15235,13849,5400,13925,8944,14201,5586,7182,5260,2814,0,9978
鬼姬冥花·珍稀,132,20160,13275,7611,6600,6114,12186,12186,10986,10503,13593,18882,0,12768,12186,0,5586,5511
罂粟千狐,133,15375,20457,2211,10503,12207,18279,18774,5586,16596,6411,14196,2211,5586,16683,4389,9975,10503
孔雀东南飞,134,9084,4200,16616,11172,0,2814,5586,19388,5586,21684,6312,11172,18870,13986,11172,15372,9786
齐胸襦裙,135,0,3498,7887,7019,6996,2630,3498,14038,3498,11187,5709,12279,13170,11408,14015,16668,7887
清宫丽影,136,3498,9084,5586,11548,13802,7698,7348,15582,8216,10986,11834,12600,15582,20466,15372,21168,12934
幽兰曲裾,137,7887,2630,15742,10680,0,1762,3498,21162,3498,22231,8007,10680,21383,16126,10680,16994,9812
杏花阁,138,15372,18870,2814,11030,10512,16616,17484,5586,16098,7014,12600,1762,5586,16616,3498,27762,29190
普通浴巾,139,19875,15486,9900,11592,10800,16575,14892,3300,15189,6600,12978,4389,4389,7797,2211,0,10503
透明的心·白,140,15372,18870,2814,11030,10512,16616,17484,5586,16098,7014,12600,1762,5586,16616,3498,9084,10512
透明的心·绿,141,17583,20083,7203,14669,13903,20255,19786,0,19489,2814,9786,5649,0,10280,4711,2500,13903
围裙小姐,143,6312,10701,9975,15037,18191,12384,10351,7203,12605,4389,8216,16386,7203,11187,15792,11592,16126
时尚格子,146,11898,7014,20114,14670,5586,8400,9786,11714,11172,15396,3498,14670,11196,6312,11898,7698,13284
宅居族,147,16089,10503,15495,9975,7797,12186,12978,7698,12186,11295,9975,9084,8216,2211,6312,2630,8886
蒲公英的秘密,148,9975,4200,14892,9975,0,2814,5586,14578,5586,17861,5649,8778,14578,9703,8778,10189,8589
雪花的秘密,149,18186,21684,8400,16616,16098,22202,21684,0,21684,2814,9786,7348,0,11030,6312,3498,16098
乖乖女·白,150,7797,12186,6889,13003,17367,13275,10503,4711,12978,2500,8589,12400,4711,11386,12400,9100,14092
乖乖女·蓝,151,7589,13795,4389,10351,19451,14587,13149,2814,13865,0,10716,11403,2814,7698,11997,8400,11737
战魂,152,19281,14892,11097,12186,11097,16575,15189,3300,15486,6600,12078,5586,4389,6600,2814,0,11097
夜无边,153,10989,5511,18678,13167,4389,6600,7689,12078,8778,15378,4389,13167,12078,6600,10989,7689,12078
暖秋·黄,155,10701,7203,12605,12186,13275,9975,6411,9230,8886,7887,11187,13275,10098,8778,10503,6600,12186
暖秋·棕,156,5709,2211,15797,8778,8778,4389,3300,13619,4389,12276,7887,16467,13398,4389,14289,9900,8778
雪耳,157,17583,20083,7203,14669,13903,20255,19786,0,19489,2814,9786,5649,0,10280,4711,2500,13903
好意,158,14892,20478,7797,16386,16683,20775,20775,0,21072,2211,7689,8400,0,10800,8400,5586,16683
摩卡,159,7203,11592,9084,14595,18861,13275,10800,6312,13275,3498,8886,15495,6312,11187,14901,10701,15684
折翼,160,13986,7014,21684,16758,5586,8400,9786,13284,11172,17484,5586,14670,13802,8400,11898,8216,15372
氤氲,162,15435,8463,16098,15930,5378,8812,9476,9786,10964,13986,7466,9084,11172,10900,7348,5586,14544
梦蔷,163,12934,5962,20194,16266,3498,6312,8216,13882,9084,18082,5586,13180,14648,9996,11445,9062,14880
兔女郎,165,14979,7611,20094,15960,4389,8007,10482,12087,11571,17091,5586,12276,12605,8007,10098,7019,14178
璀璨星河,166,13275,17367,2814,11097,9900,14892,16575,4389,15486,6114,9900,2211,4389,14892,4389,8778,10800
冬眠,167,10800,16575,4389,9900,20478,17664,15486,2814,14892,0,14472,10800,2814,7689,10800,25881,29667
蛋糕庄园,169,14175,18861,2211,10503,11403,16683,17178,4389,15792,5511,11997,2211,4389,15486,4389,8778,10503
暖系机械,170,3498,6996,4389,8781,11714,6128,5260,14385,6128,9789,11834,10351,14385,17699,12087,17883,9649
糖果心,171,14892,20478,7797,16386,16683,20775,20775,0,21072,2211,7689,8400,0,10800,8400,5586,16683
泡芙小姐,172,8216,13473,0,6114,14740,12384,10701,7797,10351,4200,14901,5511,7797,14472,7689,12186,7203
星夜占卜师,173,11172,5586,7698,6312,8589,5586,2814,17091,4200,14484,17793,6798,18477,16266,6798,12891,6312
金叶婀娜,174,11172,4200,16989,11172,0,2814,5586,19761,5586,22575,8400,9975,20058,13986,9975,14472,9786
信鸽庄园,176,3498,0,15398,7182,7182,0,0,22514,0,18896,12442,18168,21996,10680,18168,18498,7182
鎏金岁月,177,4389,0,14472,5586,4389,0,0,22269,0,19761,11592,14472,21972,11172,14472,17583,5586
西域珍宝,178,3498,0,13802,5586,5586,0,0,22202,0,18870,11898,15372,21684,11172,15372,18186,5586
暖之舞,179,5260,1762,14015,7887,5998,3498,2630,11777,3498,11385,5998,13265,11777,4389,11529,8279,7887
暖暖之舞,180,4389,0,14472,5586,5586,0,0,21675,0,18861,12186,15372,21378,9975,15372,16989,5586
纳尔,181,6312,2814,19787,12768,11172,5586,4200,17015,5586,15069,9084,21357,16794,7182,18585,13296,12768
璇宫,183,5586,0,14175,5586,4389,0,0,21972,0,19761,12789,13275,22269,11172,13275,16683,5586
婀娜,184,0,4389,9975,8886,9975,3300,4389,18375,4389,14175,8400,16386,17286,14472,18564,21675,9975
女教练,185,2211,6600,15561,13275,13167,7689,7689,13383,8778,11172,4389,21072,11997,8886,21072,16386,14364
浅空,187,6600,12186,9975,16386,17664,12978,11097,7797,13275,5586,7689,16089,7797,14175,16683,13383,17772
淡淡浅空,188,9786,16758,0,7014,16098,15372,13986,7348,12600,4200,16098,5444,7348,15372,8216,12934,8400
茶话会,189,11172,15372,5314,15100,9786,12600,13986,8086,15372,9514,7014,5314,8086,20686,8086,13672,15100
双莓缤纷,192,12186,15486,10989,19281,12978,15486,14892,4389,17367,6600,4200,10989,4389,15486,10989,8778,19281
妙尘,194,15189,19875,6600,14289,14892,19875,19875,0,19281,2211,8886,6600,0,9900,6600,4389,14289
小约会,195,16486,12600,13778,17484,9786,13986,12600,5378,15372,8812,6700,9084,5998,11898,6312,3498,16098
歌剧院,196,11898,5444,19635,14670,5586,7348,7698,12286,9084,15435,5586,13672,13052,7348,10900,7466,13802
牵心·青,197,20918,14814,14196,14530,11574,16992,16246,4200,17160,8400,11714,7182,5586,6312,3618,0,13144
牵心·花,198,18896,12396,7818,8944,4392,10614,12442,9786,11574,13404,14528,0,11172,12702,0,5586,7162
雪花雨,199,14066,17986,6600,14892,14238,17986,17392,0,18627,2211,6700,6600,0,11097,6600,4389,14892
花瓣雨·粉,200,14289,18678,6600,14289,14289,18678,18678,0,18678,2211,7689,6600,0,9900,6600,4389,14289
花瓣雨·紫,201,12869,17986,6600,15189,14535,17689,17986,0,18924,2211,5800,7203,0,10800,7797,5586,15486
占卜师衣橱,203,10701,6312,16068,14530,13802,9084,5962,13296,8216,11571,12605,16968,14385,10680,14196,9996,14530
牧笛,204,14892,17392,7797,14066,13597,18455,17689,0,17986,2211,7689,6846,0,8480,5314,2500,13597
晚霞,205,17787,14289,9230,10989,9900,15378,14289,2630,14289,5709,11187,4389,3498,6600,2211,0,9900
面具皇后,206,16467,12078,5511,6600,5511,10989,10989,8886,9900,10800,14892,0,9975,12186,0,5586,5511
双色甜筒,207,11295,4841,19129,12276,4389,6151,6798,12978,7887,16126,5586,13167,13275,6151,10989,7689,11408
天空棉花糖,209,7797,12186,9975,16089,17367,13275,10503,7797,12978,5586,8589,15486,7797,14472,15486,12186,17178
红裳锦绣,210,8778,3300,13597,6889,0,2211,4389,15775,4389,17986,6600,8086,15478,9100,8086,11089,5800
草莓甜心,211,8216,12582,0,5444,12958,11714,9810,7348,9460,4200,14010,4392,7348,13802,6128,10846,6312
酒庄夫人,212,5586,0,14175,4389,5586,0,0,22575,0,19761,13986,14175,22575,9975,14175,16989,4389
半路烟,214,21684,16098,12600,12934,11030,17484,17134,4200,16616,8400,13802,5586,5586,6312,2814,0,11548
夜莺,215,4711,2211,15047,8778,8778,4389,3300,12869,4389,11278,6889,16467,12400,4389,14289,9900,8778
点灯的星,218,6600,10989,6889,12400,16467,12078,9900,4711,12078,2500,7689,12400,4711,10189,12400,9100,13489
黑暗雕像,219,2814,6312,15561,13802,13473,8216,7698,12186,9084,9975,4389,20623,11097,8216,19587,14595,14670
黑白银河,220,19761,15372,6114,8400,7014,13986,13986,6798,12600,9833,15937,0,7887,11898,0,3498,7014
那些花儿,221,16098,19596,8400,15564,14528,20114,20632,0,20114,2814,8216,7348,0,8942,6312,3498,15046
老照片,222,14892,20478,7797,16386,16683,20775,20775,0,21072,2211,7689,8400,0,10800,8400,5586,16683
小雏菊,223,10900,7014,20960,18354,5586,8400,9786,12560,11172,15994,2500,16266,12312,9996,13494,9812,16968
合唱团,224,17689,15486,8480,10989,10503,16575,15486,1880,14892,4711,11386,4389,2500,6600,2211,0,9900
恋伊,225,12789,14901,13986,21599,12384,15419,15495,5586,17970,8400,3300,12934,5586,15419,11898,9084,21081
颤栗,226,11592,6114,19875,14364,5586,7797,8589,12078,9975,15378,4389,14364,12078,6600,11592,7689,13275
家教,227,9009,14487,4389,9451,17117,15576,13840,1762,13619,0,10517,9230,1762,6798,9230,6151,10540
单词默写,228,13398,18008,6151,13398,14289,18229,17787,0,17787,1762,7689,6600,0,9451,6600,4389,13619
春意,229,20487,17286,10427,12789,12600,18969,16989,2630,16989,5709,13284,5586,3498,7797,2814,0,11700
行走的哲理,230,10512,16616,10846,13284,13986,17134,18870,3498,17484,5260,5586,11898,2630,5962,11898,8216,13802
糯米糍,231,15372,18870,2814,11030,10512,16616,17484,2500,16098,4694,11046,1762,2500,13530,3498,5998,10512
樱桃季,232,12078,17664,2211,10800,11097,15189,16575,4389,15486,5511,9900,2814,4389,15189,5586,9975,11097
明信片,233,14289,18678,6600,14289,14289,18678,18678,0,18678,2211,7689,6600,0,9900,6600,4389,14289
蝴蝶夫人,234,15561,8589,10512,11295,3300,7203,7797,14880,8886,17298,12504,3498,16266,17883,3498,10680,9909
雪梨汤,235,17664,20469,3618,13430,11109,17819,18687,4389,18291,6918,12000,1762,4389,17819,3498,7887,12516
好学生,236,15792,19587,7797,14816,15198,20402,19884,0,19587,2211,8886,7348,0,9230,6312,3498,14595
蓝空少女,237,20775,16683,9900,11592,11403,17772,16089,3300,15792,6600,14175,4389,4389,7797,2211,0,10503
稚红海,238,15486,17689,7203,14066,12400,17861,17986,0,17986,2814,7689,5649,0,9083,4711,2500,13300
白雪侍应生,239,9975,13275,7797,16089,8589,11097,11592,11172,12978,11997,7014,7797,11172,22269,9975,15561,16089
琉光蔷薇,241,14175,19761,2814,11997,11700,16989,18969,4389,17286,6114,11097,2814,4389,15792,5586,9975,11997
梦幻下午茶,242,11172,15372,7203,16989,9786,12600,13986,8778,15372,10503,6411,7203,8778,21378,9975,14364,16989
暗夜萝莉,243,5586,11172,5586,12600,14175,9786,8400,12186,9786,8886,10800,11700,12186,19761,14472,17772,13986
花嫁童话,244,5586,9975,5586,11700,12978,8886,7203,13383,8589,9786,11403,11097,13383,20058,13275,17772,12789
洛可的茶会,245,5586,9975,5586,11700,12978,8886,7203,12186,8589,8886,10800,11097,12186,18861,13275,16575,12789
荒原的花,246,5586,9786,10900,15372,5586,7014,11172,13672,11172,15100,2814,10900,13052,18186,13672,18638,15372
霞赤图,247,4389,8778,5586,11097,13275,7689,6600,13986,7689,9786,11700,11997,13986,18861,14175,18375,12186
烟雨图,248,5586,11172,5586,12600,14175,9786,8400,13383,9786,9786,11403,11700,13383,20958,14472,18969,13986
慕冬天使,249,8400,12789,9084,15198,18564,14472,11403,5709,14175,3498,8589,14595,5709,12384,14001,10098,16287
慕冬天使·粉,251,4389,8778,5586,11097,13275,7689,6600,13986,7689,9786,11700,11997,13986,18861,14175,18375,12186
迷蕊,253,12078,16467,2211,9900,9900,14289,15378,4389,14289,5511,9900,2211,4389,14289,4389,8778,9900
漫纱轻舞,254,7887,12384,9393,17533,8216,9909,11737,10680,12605,12023,4392,9996,10680,20589,12768,16266,17830
贵公子,256,2814,8400,13473,14175,14670,9786,9786,9649,11172,7887,3498,18917,8781,8589,18917,14367,15561
一代女皇,257,3498,0,12605,5586,3498,0,0,19953,0,17673,9810,12605,19732,11172,12605,16234,5586
维纳斯之舞,259,13986,7014,23772,16758,5586,8400,9786,15372,11172,19572,5586,16758,15372,8400,13986,9786,15372
云端少女,260,4758,8279,13041,13687,6889,7563,9767,8778,10387,10540,0,13489,7689,9451,14427,12078,13908
豪华浴袍,261,20402,14298,11403,12186,9451,15090,14595,4200,15037,8400,12384,4389,5586,7203,2211,0,10800
蓝水鱼,262,16234,20326,6312,15198,14298,19587,19808,0,19884,2814,8589,5709,0,11700,6151,4389,14901
史库水,263,16234,20326,6312,15198,14298,19587,19808,0,19884,2814,8589,5709,0,11700,6151,4389,14901
戏水裳,264,6600,11097,16575,18564,9975,10800,13275,9975,14364,12186,0,17178,8886,11997,17772,33150,37539
电台情歌,265,10989,5511,18678,13167,4389,6600,7689,12078,8778,15378,4389,13167,12078,6600,10989,7689,12078
罗织红纱,266,2211,6600,13167,12078,13167,7689,7689,10989,8778,8778,4389,18678,9900,7689,18678,14289,13167
雕玉兰,267,2211,6600,12276,12078,12276,7689,7689,9649,8778,7887,3498,17117,8781,7689,17117,13170,13167
煎黄蕊,268,5709,11295,7887,13849,18191,12087,10648,6312,12605,3498,8216,14901,6312,11196,15495,11898,15235
茶碗花,269,2211,6600,12276,12078,13167,7689,7689,10098,8778,7887,4389,17787,9230,7689,17787,13619,13167
相思意,270,6312,11898,11172,17134,18191,13284,11548,7797,13802,5586,7019,17286,7797,13284,17286,13383,18520
路白云,271,2814,8400,13672,12286,16758,9786,9786,10900,11172,8086,5586,20686,9514,6700,20686,15100,13672
香代酒,272,2814,8400,14670,13284,14670,9786,9786,10846,11172,9084,3498,20114,9460,7698,20114,15046,14670
松蟹汤,273,4263,9849,9084,14544,16550,10198,9476,8400,10964,5586,7466,16098,8400,12286,17134,13986,15930
画金屏,274,6312,10701,11172,16234,18191,12384,10351,8400,12605,5586,8216,17583,8400,12384,16989,12789,17323
密云飞,275,5314,10900,11172,16632,17441,12286,11046,7797,13052,5586,6269,17286,7797,12286,17286,13383,18018
阑烛,276,1762,6151,13473,11187,13473,6798,7019,12789,7887,9975,5586,19884,11403,7689,20326,15792,12276
娇宜美,277,6600,12186,8778,15189,18861,12978,11097,7203,13275,4389,8886,15792,7203,12978,16386,12789,16575
月影轩,278,0,5586,11172,9786,11172,4200,5586,17484,5586,13802,7348,18186,16098,13284,20958,21684,11172
兰染云,279,0,5586,11172,9786,11172,4200,5586,16486,5586,13052,6846,18186,15100,12286,20958,20686,11172
红影乱,280,0,3498,11172,8216,9084,2630,3498,19572,3498,15372,8400,17134,18186,13802,18870,21684,9084
拂袖风,281,0,5586,12768,11382,9084,4200,5586,18028,5586,15398,5260,18212,16642,14880,20984,22228,12768
西江月,282,11898,7014,22202,16758,5586,8400,9786,13802,11172,17484,3498,16758,13284,8400,13986,9786,15372
展翠,283,11295,6411,18611,14364,4389,7203,8886,11408,9975,15090,3498,13167,11187,7203,10989,7689,12978
绛花葆,284,10900,7014,21452,16758,5586,8400,9786,13052,11172,16486,2500,16758,12286,8400,13986,9786,15372
彩秦楼,285,11592,6114,19875,14364,5586,7797,8589,12078,9975,15378,4389,14364,12078,6600,11592,7689,13275
晚寒,286,13383,6411,20181,14364,4389,7203,8886,12978,9975,17178,5586,13167,13275,7203,10989,7689,12978
青岑,287,12789,7014,20478,15561,5586,8400,9786,12078,11172,15981,4389,14364,12078,7203,11592,7689,14175
瓷轻狂,288,10846,5962,20114,14670,3498,6312,8216,13802,9084,17484,3498,14670,13284,8400,12934,9786,13284
幽竹归,289,12432,5460,20686,13672,2500,5314,7466,15372,8086,19572,5586,13672,15372,8400,12432,9786,12286
啄夕,291,12442,7162,20918,16266,3498,7116,9812,13802,10680,18288,3498,14670,13284,9204,12934,9786,14484
岭梅,292,12934,5962,21684,14670,3498,6312,8216,15372,9084,19572,5586,14670,15372,8400,12934,9786,13284
浅草,293,13494,8214,22514,16266,5586,9204,11382,13310,12768,17796,3498,16266,12396,7116,13494,8898,14484
落英缤纷,294,17178,11403,17286,18969,8886,12789,11997,8886,14472,12789,7689,11172,9975,12789,8400,5586,17583
山杏叶,295,0,5586,9084,9786,11172,4200,5586,15396,5586,11714,7348,16098,14528,13284,18870,20114,11172
黄鹂,296,2814,8400,14670,15372,16758,9786,9786,11898,11172,9084,5586,21684,11030,9786,21684,16616,16758
采桑,297,2814,8400,12582,13284,16758,9786,9786,9810,11172,6996,5586,19596,8942,7698,19596,14528,14670
小夜曲,298,12186,6411,20478,14364,4389,7203,8886,13275,9975,17178,4389,14364,12978,7203,12186,8589,12978
灵感,299,9084,4200,16616,11172,0,2814,5586,17300,5586,20114,5260,11172,16782,11898,11172,13284,9786
烁夜,300,10846,5962,21710,16266,3498,6312,8216,15398,9084,19080,3498,16266,14880,9996,14530,11382,14880
满月酒,301,9703,6114,19652,14364,5586,7797,8589,11855,9975,14686,2500,15561,11089,6600,12789,8589,13275
小香风,302,6600,9900,15378,16467,8778,9900,12078,8778,13167,10989,0,15378,7689,9900,15378,12078,16467
豹纹诱惑·金,303,11898,5444,20632,12582,5586,7348,7698,13284,9084,16432,5586,14670,13284,5260,11898,7698,11714
豹纹诱惑·银,304,10900,4694,20130,11584,5586,6846,6700,13284,8086,15930,5586,14670,13284,4758,11898,7698,10964
青花瓷,305,11172,15372,8400,18186,9786,12600,13986,11172,15372,12600,7014,8400,11172,23772,11172,16758,18186
上海弄堂,306,12934,5962,21192,16266,3498,6312,8216,14880,9084,19080,5586,14178,15398,9996,12442,9812,14880
牡丹吟,307,11898,7014,20114,16758,5586,8400,9786,11714,11172,15396,3498,14670,11714,8400,11898,8216,15372
牡丹吟·华丽,308,12891,7611,22208,18753,4389,8007,10482,14201,11571,18687,3498,15960,13980,10800,13782,10482,16971
水榭,309,8400,11403,15289,18861,9975,11700,14175,6889,15561,9703,0,14686,6269,10503,14092,10658,18564
宝蓝风度,310,7797,2211,16476,7887,9975,4389,3300,14901,4389,13473,11172,16476,15198,3498,14298,9612,7887
名媛连衣裙·棕,314,2814,8400,15561,15372,15561,9786,9786,12186,11172,9975,4389,21675,11097,9786,21675,16683,16758
名媛连衣裙·白,315,2211,7797,13473,14175,14364,8589,8886,11295,9975,9084,4389,19587,10427,9786,20181,16013,15561
金菊呈祥·鱼乐,316,0,5586,10680,11382,9084,4200,5586,15940,5586,13310,5260,16124,15072,14880,18896,20658,12768
金菊呈祥·鹅黄,317,0,5586,9084,9786,11172,4200,5586,15396,5586,11714,7348,16098,14528,13284,18870,20114,11172
金菊呈祥·落花,318,0,5586,9084,7698,11172,4200,5586,15396,5586,11714,7348,16098,14010,11196,18870,19596,9084
岚谧轻翠,319,0,4389,9975,7689,9975,3300,4389,17178,4389,13275,7797,16386,15792,12078,18564,20181,8778
岚谧轻海,320,0,4389,9975,7689,8778,3300,4389,16575,4389,13275,6600,15486,15189,12078,17664,19578,8778
岚谧轻蕊,321,0,5586,8086,6700,11172,4200,5586,15289,5586,11386,7797,15100,13903,11089,17872,19489,8086
翠竹阁·煎茶,322,18870,13802,5962,6312,7014,12934,11898,9786,10512,11548,18186,0,11172,12934,0,5586,5444
翠竹阁·赏花,323,20466,13802,7162,6312,7014,12934,11898,10986,10512,13144,19782,0,12768,12934,0,5586,5444
翠竹阁·对诗,324,21162,14201,7162,7116,7611,13333,11505,10986,11109,13144,19785,0,12768,14530,0,5586,6248
梨院琳琅·醉梦,325,0,3498,9084,8216,9084,2630,3498,17484,3498,13284,8400,15046,16616,13802,16782,20114,9084
梨院琳琅·翩菊,326,0,5586,9975,9786,11172,4200,5586,17178,5586,13275,7797,16989,16089,14175,19761,21675,11172
梨院琳琅·墨宛,327,0,4389,11172,8886,9975,3300,4389,19572,4389,15372,8400,17583,18186,14472,19761,22575,9975
普通浴衣,328,16928,19512,10800,18756,15072,20426,21340,0,22254,3618,6128,8944,0,9746,7116,3498,17842
镂花昼,330,10900,7014,18366,16758,5586,8400,9786,9966,11172,13401,2500,13672,9966,8400,10900,7466,15372
暖暖的连衣裙,331,18870,15372,5444,8400,7014,13986,13986,6128,12600,8942,15046,0,6996,11898,0,3498,7014
暖心企鹅,334,10198,15353,1260,7563,9833,13644,14238,3498,12333,3890,9978,2211,3498,11555,4389,7887,8031
暮霭苍琅,335,8652,3642,17141,9496,3498,4758,5130,12384,5998,14733,4389,12582,12087,4758,10846,7698,8876
冰晶玫瑰,337,5586,0,14175,5586,4389,0,0,21972,0,19761,12789,13275,22269,11172,13275,16683,5586
绮丽乐园,338,17664,13275,5511,7203,6411,12186,11592,8886,10800,10800,15792,0,9975,13383,0,5586,6114
童趣美梦,339,11187,15797,1762,9009,9900,13840,14487,3498,13398,4392,9451,2211,3498,12949,4389,7887,9230
小满制服·蓝,340,2814,7203,18354,16068,14364,8886,8589,14979,9975,12768,4389,23865,13593,10482,23271,17982,17157
小满制服·格纹,341,2211,9393,15561,15375,15960,9789,10482,13383,11571,11172,4389,22479,11997,10986,23865,19179,17157
黑天鹅,342,11571,3300,19182,11571,0,2211,4389,22557,4389,25164,9996,11571,23250,14979,11571,16068,10482
白天鹅,343,7887,14201,7348,16695,10482,11551,12891,9975,13980,10648,5511,9204,9975,21526,12768,17157,17609
香罗端午,344,9084,13284,8400,17134,8216,10512,12934,9975,13802,11700,4841,8400,9975,20487,11172,15561,17134
小满校服·红,347,5709,12891,9975,17137,18590,13287,12244,7797,14201,5586,7019,16893,7797,14484,18279,14979,18919
小满校服·绿,348,5260,10846,9084,15046,16103,11196,9978,7797,11714,5586,7019,15198,7797,13284,16234,13383,16432
校服裙,349,1762,7348,13473,13284,12582,7698,8216,11737,9084,9975,3498,18917,10648,9786,19953,16234,14670
体育课,350,14740,20623,5709,14298,15198,19884,20402,0,19587,2211,8886,6312,0,10800,7348,5586,14595
真丝睡衣·白,351,15037,20326,6312,15495,14595,19290,20402,0,20181,2814,7689,6312,0,11403,7348,5586,15495
真丝睡衣·粉,352,16013,19884,7203,16089,14740,19587,19587,0,20326,2814,7698,6600,0,11700,6600,4389,15792
真丝睡衣·蓝,353,14816,19884,7203,16386,15037,19290,20181,0,20623,2814,6798,7203,0,11403,7797,5586,16386
真丝睡衣·黑,354,16234,10351,14010,9084,5709,10701,12605,7698,11295,11898,9975,6996,8216,2814,5260,2630,7698
镜中花,355,11172,4200,19782,12768,0,2814,5586,21357,5586,24468,7797,12768,21357,14385,12768,34449,30060
浮影·银灰,356,7348,13144,16287,20070,10680,11712,15398,9975,16266,12789,0,17091,8886,13800,18919,16068,20466
浮影·紫,357,12891,4841,20635,13473,4389,6151,6798,14484,7887,18028,7182,13473,15398,7348,11295,8216,12605
浮影·红,358,10800,18279,10098,14178,14385,17586,20457,3498,18774,5709,5586,11505,2630,7611,12891,9812,14871
年轻的公主·粉,363,12384,18191,1762,10512,11997,15937,16287,4389,15495,5062,10800,2814,4389,15937,5586,9975,11030
年轻的公主·绿,364,12605,17970,2211,11403,11548,15495,16287,4389,15937,5511,9909,2814,4389,16386,5586,9975,11700
年轻的公主·蓝,365,9975,14472,5709,14901,9786,11997,12789,7887,14175,9009,6411,6312,7887,19884,9084,13473,15198
年轻的公主·紫,366,9975,12384,7797,15419,7698,10427,10701,9084,12087,10427,5962,7348,9084,19511,9084,12582,15198
出海者·蓝,369,14298,20402,6151,14298,16089,20326,20181,0,19587,1762,8886,7203,0,10351,7797,5586,14816
出海者·灰,370,14298,20402,6151,14298,16089,20326,20181,0,19587,1762,8886,7203,0,10351,7797,5586,14816
小帆船,371,13476,19062,5260,14010,15046,18544,18026,0,18544,1762,7698,6312,0,11548,7348,5586,14528
水手少女·白,372,16389,22668,6600,15189,16893,22371,22668,0,21282,2211,10482,7203,0,10800,7797,5586,15486
水手少女·灰,373,14298,20402,6151,14298,16089,20326,20181,0,19587,1762,8886,7203,0,10351,7797,5586,14816
少女心事·蓝,374,16101,20292,7797,14367,15332,21107,21031,0,19721,2211,9812,7348,0,8339,6312,3498,14146
少女心事·花,375,15495,19511,6151,13331,14901,19953,18696,0,18399,1762,9786,6151,0,9978,5709,3498,13331
少女心事·雏菊,376,14740,20623,5709,14298,15198,19884,20402,0,19587,2211,8886,6312,0,10800,7348,5586,14595
云端初见,377,10098,14595,12186,20326,12605,14298,15037,5586,16994,7797,2630,12789,5586,15495,13383,11172,20623
泪雨零霖,378,5260,11574,15235,17982,10680,10660,13310,9975,14178,11737,0,17091,8886,12748,18919,16068,18896
隔花雨,379,5260,9978,15235,16782,9084,9460,11714,9975,12582,11737,0,16287,8886,11548,17323,14472,17300
月黄昏,380,9649,14367,10846,18993,12384,13849,13925,5586,15882,7348,3300,11898,5586,15937,12934,11172,19511
悔多情,381,10680,15398,6151,15705,10986,13144,12702,8778,14484,9451,7611,7203,8778,21922,9975,14364,16223
海上鹤,382,4389,6798,14979,14201,3498,4841,7887,18354,7887,19179,2814,14530,16968,17609,16266,20466,13980
黄金城,383,4389,7689,14979,14871,4389,5511,8778,16266,8778,17609,1762,14979,14880,16191,17157,19269,14871
红棉水,384,9084,12605,7348,15198,8589,10648,10701,9975,12087,10648,6411,7797,9975,20623,9975,14364,15419
绕龙香,385,4389,7689,13383,13275,4389,5511,8778,14670,8778,16013,1762,13383,13284,14595,15561,17673,13275
冰雪蓝纱,386,3498,7019,12934,12384,4389,5062,7887,15561,7887,16234,2211,13383,14175,15037,15561,18564,12605
玉壶园,387,4389,8886,10989,12978,5586,6411,9975,15960,9975,16389,3618,11592,14871,17982,14364,20457,13275
泼茶香,388,8778,14871,5709,15498,10482,12000,13782,9084,14871,9909,6114,7116,9084,21084,10680,16266,16191
凌波缕缕,389,10680,14201,6151,14805,9789,12244,11505,9975,13287,10351,8214,6600,9975,22219,8778,14364,15026
蓝色百合,390,5586,9084,4389,9833,11196,8216,6312,10540,7698,7689,9909,8781,10540,16994,10517,14038,10701
蓝色百合·华丽,391,5586,9975,5586,11700,12978,8886,7203,13383,8589,9786,11403,11097,13383,20058,13275,17772,12789
墨兰卷,392,4389,6798,12186,12605,3498,4841,7887,15561,7887,16386,2814,11737,14472,16013,13473,36648,31062
祥云舞·赤,393,11592,14892,14979,22668,13275,15486,15189,7182,17664,9393,3300,14979,7182,17082,14385,30249,41346
祥云舞·蓝,394,11592,14001,14979,21998,12384,14816,14298,7182,16773,9393,3300,14530,7182,16412,13494,29358,40455
水中月,395,8778,14871,6600,16389,10482,12000,13782,11571,14871,12000,6918,8007,11571,23571,11571,18753,17082
钻石人鱼,396,4389,8886,14979,15771,5586,6411,9975,17157,9975,18279,2211,15582,15771,17982,18354,21357,16068
韶颜倾城,397,0,7182,8778,9789,12768,5400,7182,18774,7182,14178,9204,16596,17685,16971,20160,24867,11571
韶颜倾城·墨,398,7182,0,18168,7182,5586,0,0,25371,0,23250,14979,16968,25767,11571,16968,18585,7182
水墨青花,399,7887,2630,16633,10680,0,1762,3498,20457,3498,21922,7203,11571,20457,14530,11571,34746,28490
森女羊·珍稀,400,7182,11571,7182,14100,13287,10482,8007,14530,9789,11382,11712,12023,14530,23250,14201,18919,15189
游园·黄,401,15210,20513,7348,14146,16223,21328,21031,0,19721,1762,9812,7797,0,8560,7203,4389,14367
游园·粉,402,17982,21777,6600,15026,16101,21998,20391,0,20490,2211,10986,6151,0,12023,5709,3498,14805
游园·黑,403,15696,11307,18279,11571,9393,13782,14178,8886,13782,12186,8778,12768,8589,2211,9204,4200,10482
游园·紫,404,14892,22074,7797,17586,18279,21975,22371,0,22668,2211,7689,9204,0,12000,9996,7182,18279
火炮兰,405,16068,9975,5400,2814,9909,9975,7203,14344,6411,12582,22887,2630,16126,12768,2630,8944,2814
精灵鹿后,406,9975,3300,17982,8778,0,2211,4389,22953,4389,24768,9204,11571,22557,13782,11571,16971,7689
安娜小姐,407,6312,9810,11172,15564,15212,11714,9460,7348,11714,5586,6128,15564,7348,11714,14528,10846,16432
安娜小姐·华丽,408,5586,9084,5586,11030,12087,8216,6312,11295,7698,8216,10351,10648,11295,17300,12384,14793,11898
安娜小姐·珍稀,409,4389,0,16068,5586,4389,0,0,22668,0,20457,10989,16068,21975,9975,16068,17586,5586
姹紫嫣红,410,0,5586,9975,9786,9084,4200,5586,15235,5586,12605,5260,15419,14146,13284,18191,19732,11172
姹紫嫣红·华丽,411,0,4389,9975,8886,8778,3300,4389,17772,4389,14175,7203,15486,16683,14472,17664,21072,9975
姹紫嫣红·珍稀,412,0,3498,12768,9812,7887,2630,3498,22161,3498,18168,8007,17830,20775,16994,19566,24273,10680
山茶春色,413,11592,14892,13383,21072,13275,15486,15189,5586,17664,7797,3300,13383,5586,15486,12789,9975,21072
山茶春色·华丽,414,9975,16068,7797,18189,11382,13197,14385,9975,15771,11097,6411,9204,9975,23172,12768,17157,18882
光明精灵,415,6312,12626,15235,17982,12768,12748,14880,7887,16266,9649,0,17091,6798,10660,17883,13980,18896
光明精灵·华丽,416,3498,9812,11737,13287,7182,7162,10680,14364,10680,15037,2211,13593,12978,15940,17157,20160,14201
光明精灵·珍稀,417,4389,10482,10989,14178,7182,7611,11571,14364,11571,15189,2814,12396,13275,17586,15960,20457,14871
黑暗精灵·珍稀,418,11571,3300,17586,9975,0,2211,4389,22557,4389,24768,10800,9975,23250,14979,9975,16068,8886
绒绒挂脖裙,419,14201,10680,3300,3618,14344,10680,7116,11307,7162,7689,22680,5400,12396,11571,5400,8007,3618
绒绒挂脖裙·华丽,420,14871,11571,3300,3618,13197,11571,8007,10503,7611,7689,21975,4200,11592,11571,4200,7203,3618
女神·漫画,421,9451,12949,11295,10517,9207,12728,14906,5586,13596,7797,4389,10846,4200,4841,10846,7698,10296
女神·异色淑女,422,13331,9612,14816,9975,7348,11295,12087,7019,11737,10098,6996,9975,6798,2211,7203,3300,8886
女神·天鹅剪影,423,13596,9009,14816,16126,7019,10098,9451,8216,11408,11295,6128,9975,9084,11295,7797,5586,15037
女神·裙摆漫漫,424,10701,6114,19205,14364,5586,7797,8589,11408,9975,14487,3498,14364,11187,6600,11592,7689,13275
女神·现代鱼尾,425,11592,6114,18984,13473,5586,7797,8589,11187,9975,14487,4389,13473,11187,5709,10701,6798,12384
女神·活力四射,426,14298,19205,6151,13398,14892,19426,18984,0,18390,1762,8886,6600,0,9451,6600,4389,13619
女神·硬纱长裙,427,5586,9084,4389,9833,12087,8216,6312,10989,7698,7689,10800,9451,10989,16994,11187,14487,10701
怡人之夏,428,9810,13331,12934,19732,12605,14146,13849,5586,16103,7348,2630,13383,5586,14146,12789,9975,19953
桃花歌,429,11737,15037,12891,21183,12087,14595,14222,7182,16476,9393,4200,12891,7182,18279,13333,11571,21183
夕夜迢迢,430,4389,7689,13782,14871,4389,5511,8778,18753,8778,19182,3618,13782,17664,19875,15960,22053,14871
狐妖小红娘,431,5586,9084,4389,9833,11196,8216,6312,9649,7698,7019,9460,8781,9649,16103,10517,13147,10701
夜系名媛,432,9975,3300,15495,9975,0,2211,4389,16782,4389,19511,7348,9084,17300,11295,9084,11714,8886
夜系名媛·华丽,433,9084,2630,17533,10680,0,1762,3498,20160,3498,22219,7797,11571,20457,13333,11571,14871,9812
夜系名媛·珍稀,434,8778,3300,17082,11571,0,2211,4389,22053,4389,23571,8007,11571,22053,16575,11571,17664,10482
森女羊,435,6312,13494,9084,16246,18896,14484,13144,5260,15398,3498,6128,15332,5260,12396,16124,12442,18028
森女羊·华丽,436,6600,12186,11571,17982,17664,12978,11097,9393,13275,7182,7689,17685,9393,15771,18279,14979,19368
碧波,439,9810,14528,10846,18544,13802,15046,15046,3498,17300,5260,2630,11898,3498,12958,11898,9084,19062
紫檀,445,11898,5444,19435,13473,5586,7348,7698,12087,9084,15235,5586,13473,12605,6151,10701,7019,12605
千鸟格,451,19884,16683,9230,11592,11403,17772,16089,2630,15792,5709,13284,4389,3498,7797,2211,0,10503
秋风,456,6312,8942,17323,17300,9084,9978,11196,9975,12582,11737,0,17323,8886,9978,16287,12384,17300
山枝桠,460,8778,14871,7797,17586,10482,12000,13782,9975,14871,11097,5511,9204,9975,21975,12768,35835,36957
女神·流苏雨,464,7887,3300,16013,9975,0,2211,4389,17300,4389,19511,5260,11172,16782,11295,11172,13284,8886
女神·经典拼色,465,8758,4392,19062,12582,3498,5260,6128,13802,6996,16432,3498,14670,13284,7348,12934,9786,11714
女神·纯真涂鸦,466,5586,9084,5586,11030,11196,8216,6312,10846,7698,8216,9460,9978,10846,17300,11714,14344,11898
女神·粉红海,467,7797,11295,9975,15419,16476,12605,9612,7797,12087,5586,8589,15037,7797,13802,14595,11295,16287
女神·下午小憩,468,2814,6312,14670,13802,13473,8216,7698,11295,9084,9084,4389,19732,10427,8216,18696,13925,14670
女神·蓝泡沫,469,4389,8886,11295,14175,5586,6411,9975,13473,9975,14595,2211,11898,12605,16386,14670,18191,14472
女神·苹果汁,470,6312,11898,9975,15937,17300,13284,11548,6151,13802,4389,6128,15419,6151,12087,15419,11737,17323
女神·叶片影,471,15212,11714,4392,6312,5962,10846,9810,8216,9460,9460,14010,0,9084,12934,0,5586,5444
女神·青草园,472,0,4389,11172,8886,7887,3300,4389,16432,4389,13802,5260,16013,15046,12384,18191,19435,9975
青苹果汽水,473,7203,9612,17772,16994,9084,10427,12087,9975,13473,12186,0,17323,8589,9230,16287,12087,16773
抽象黑白,474,5709,8339,17323,16103,7887,8781,10296,11172,11385,12934,0,17323,9786,9978,16881,13284,16103
低调套裙,475,6312,9833,17323,17970,9975,10648,12087,9975,13473,11737,0,17772,8886,10648,17178,13275,18191
图书馆少女,476,7203,10503,16881,18861,9975,11097,12978,9084,14364,11295,0,16881,8216,11097,16287,12605,18861
邻家少女,477,6151,10648,15684,17673,9084,9909,12605,9975,13473,12186,0,16287,8886,11997,17323,14472,17970
花季少女,478,5709,8339,17323,16103,7887,8781,10296,11172,11385,12934,0,17323,9786,9978,16881,13284,16103
糖果娃娃,479,12186,16683,10098,19290,14175,16386,16089,3498,18564,5709,4200,10701,3498,15495,11295,9084,19587
糖果娃娃·华丽,480,10680,16994,6151,16905,12582,14344,14298,8778,16080,9451,7611,8007,8778,23122,11571,15960,17819
糖果娃娃·珍稀,481,12768,15771,7203,16893,9789,13296,13593,11571,15375,12603,9018,6600,11571,24867,8778,15960,16596
祈祷之音,482,6312,9833,18028,19566,9975,10648,12087,10680,13473,12442,0,18477,9812,12244,17883,14201,19787
祈祷之音·华丽,483,2814,6312,18354,15398,12582,8216,7698,14530,9084,12768,3498,22746,13144,9812,21710,16642,16266
祈祷之音·珍稀,484,3618,8007,18354,16068,15960,10482,9789,13383,11571,11172,4389,23865,11997,8886,22479,16386,17157
未来时空,485,18564,14472,5511,7203,7014,13383,12789,7689,11403,9900,16386,0,8778,12186,0,4389,6114
未来时空·玫,486,20160,13275,7611,6600,6114,12186,12186,8898,10503,12023,17830,0,10680,10098,0,3498,5511
枫叶温度·红,487,2211,5709,17157,12605,12276,7019,6798,14979,7887,12768,4389,22219,13197,8216,21777,16695,13473
枫叶温度·蓝,488,2814,6312,17157,15398,13473,8216,7698,13782,9084,11571,4389,22219,12693,9812,21183,16191,16266
刺客信念,489,15771,8886,12000,4389,2814,7797,9975,13287,7203,16412,14530,4389,13980,5709,4389,6798,3300
刺客信念·华丽,490,16971,10482,12000,4389,3618,9393,11571,15375,8007,17982,17178,4389,16068,7797,4389,8886,3300
刺客信念·醇酒,491,14871,7689,12000,4389,2211,6600,8778,16971,6600,19182,15189,4389,17664,9393,4389,10482,3300
幽冥死神,492,4389,0,14871,4389,4389,0,0,24264,0,21360,12396,14871,23571,11571,14871,19182,4389
幽冥死神·昼,493,4389,0,14871,7182,4389,0,0,22668,0,20160,11592,14871,22668,12768,14871,18279,7182
幽冥死神·夜,494,4389,0,16068,7182,5586,0,0,24468,0,21357,12789,16968,24171,12768,16968,19782,7182
圣灵天使,495,4389,0,14871,7182,4389,0,0,24264,0,21360,12396,14871,24264,14364,14871,19875,7182
田园珍珠·红,496,11382,17157,0,6918,16992,16068,13593,6600,12603,3300,17586,5511,6600,14871,7689,10989,8007
田园珍珠·绿,497,8898,16266,0,5962,16223,14880,14530,6600,11834,3300,16412,6114,6600,12087,8886,12186,7348
田园珍珠·蓝,498,9786,15561,0,6114,15792,14472,12789,6600,11403,3300,16386,5511,6600,13275,7689,10989,7203
典雅长裙·米,499,7203,9612,16881,18191,9084,10427,12087,9084,13473,11295,0,16432,8216,10427,15396,11714,17970
典雅长裙·粉,500,6312,9833,17323,17970,9975,10648,12087,9975,13473,11737,0,17772,8886,10648,17178,13275,18191
典雅长裙·青,501,7203,9612,17772,18191,9084,10427,12087,9975,13473,12186,0,17323,8886,10427,16287,12384,17970
典雅长裙·靛,502,6312,8942,17323,17300,9084,9978,11196,9975,12582,11737,0,17323,8886,9978,16287,12384,17300
轻羽裙·灰,503,12186,5511,21480,12276,4389,6600,7689,14880,8778,18477,5586,15069,14484,5709,12891,8898,11187
轻羽裙·粉,504,12186,5511,22371,13167,4389,6600,7689,15771,8778,19368,5586,15960,15375,6600,13782,9789,12078
轻羽裙·青,505,12186,5511,20775,13167,4389,6600,7689,14175,8778,17772,5586,14364,14175,6600,12186,8589,12078
轻羽裙·蓝,506,14530,5962,20796,12582,3498,6312,8216,14484,9084,19080,7182,12582,14880,6312,10846,7698,11196
罪爱之花·白,507,2211,6600,17157,14871,13167,7689,7689,14979,8778,12768,4389,22668,13593,10482,22668,17982,15960
罪爱之花·蓝,508,2211,6600,17157,14871,13167,7689,7689,14979,8778,12768,4389,22668,13593,10482,22668,17982,15960
罪爱之花·红,509,2211,6600,18753,14871,12276,7689,7689,16126,8778,14364,3498,23594,14344,10482,23594,18733,15960
皎洁的歌,511,9810,5444,19953,14670,5586,7348,7698,12605,9084,15235,3498,15561,12384,7348,12789,8886,13802
淡络葡提,512,0,7182,11571,12582,11571,5400,7182,18171,7182,14871,6600,18489,17082,16971,22053,24264,14364
鹿灵枝,514,8216,14670,0,7014,15046,13284,11898,5260,11548,2630,12958,5444,5260,13284,8216,10846,8400
鹿灵枝·华丽,515,8886,15561,0,7014,16386,14175,12789,5709,11997,2630,14740,6114,5709,13284,8886,11295,8400
鹿灵枝·珍稀,516,6798,13473,0,5962,14816,12087,11737,9393,10427,5400,15026,6114,9393,14880,8886,14979,7348
夜魄千魅,517,7182,0,15375,5586,4389,0,0,23172,0,21357,14385,13275,23865,11172,13275,16683,5586
大地图腾,518,9812,17862,0,9018,18733,16080,14298,5709,14344,2630,15049,6918,5709,16080,10482,12891,10800
部落图腾,519,8886,17157,0,8214,17982,15375,14385,6600,13593,3300,15189,6918,6600,15375,10482,13782,9996
学士服,520,12504,17982,7182,13296,22371,20457,16992,2211,17982,0,12978,12693,2211,8886,11307,6600,14385
假面盛宴·珍稀,521,4389,8778,5586,11097,12078,7689,6600,13383,7689,9786,10503,11097,13383,18861,13275,17772,12186
假面盛宴·梦,522,4389,0,13275,5586,3498,0,0,22219,0,19764,11505,12605,22219,12768,12605,17830,5586
盛宴·华丽,523,9786,15561,0,6114,15792,14472,12789,5709,11403,2630,15937,5511,5709,12384,7689,10098,7203
盛宴,524,11548,16432,3498,8942,17508,17300,14528,1762,14010,0,13284,7890,1762,8216,7890,5260,9810
吊带连衣裙·黑,525,5586,0,14175,4389,4389,0,0,19884,0,18191,11737,13275,19884,7887,13275,14298,4389
吊带连衣裙·红,526,4389,0,14472,5586,4389,0,0,20181,0,18191,10540,14472,19884,9084,14472,15495,5586
黑色迷宫,527,3498,0,13802,5586,4389,0,0,20402,0,17970,10098,14472,19884,9975,14472,16386,5586
灰色迷宫,528,4389,0,14472,5586,3498,0,0,19732,0,18191,9649,13802,19435,9084,13802,15046,5586
蓝色迷宫,529,4389,0,14472,5586,3498,0,0,20623,0,18861,10098,13802,20326,9975,13802,15937,5586
女神·梦之翼,532,5260,8781,16432,15882,7887,8560,10517,11172,11385,12934,0,16881,9786,10648,17323,14175,16103
月宫蟾兔·月白,533,8589,17157,0,7611,16794,15375,14979,6151,13296,3300,14595,6248,6151,14178,9812,13333,9393
月宫蟾兔·苍穹,534,8778,4389,10482,9393,7689,4389,2211,18279,3300,15771,14892,10482,19368,17157,10482,14979,9393
喜绣缘,535,4389,0,14871,7182,4389,0,0,24264,0,21360,12396,14871,24264,14364,14871,19875,7182
紫藤花誓言,536,4389,8778,5586,11097,12078,7689,6600,14979,7689,10986,11307,11097,14979,20457,13275,19368,12186
童心爱恋,537,11382,17157,0,6918,16992,16068,13593,7797,12603,4200,18189,5511,7797,16068,7689,12186,8007
盈粉纱裙,538,5586,9975,5586,11700,12087,8886,7203,10846,8589,8216,9460,10427,10846,17970,12605,15235,12789
约会纱裙,539,5586,11172,4389,11403,14175,9786,8400,10989,9786,7689,10800,10503,10989,18564,13275,16575,12789
浅咖纱裙,540,9786,15561,0,6114,14901,14472,12789,5260,11403,2630,15046,4841,5260,12384,7019,9649,7203
雪莲精灵,541,5586,0,15771,4389,4389,0,0,21480,0,19787,11737,14871,21084,7887,14871,15498,4389
工艺格调,542,4389,0,16068,7182,4389,0,0,22668,0,20457,10989,16068,22371,11571,16068,17982,7182
嫣红格调,543,4389,9975,5586,11997,13275,8589,7797,12186,8886,8886,9900,11700,12186,18564,14472,17772,13383
月宫蟾兔·朱红,544,10986,17157,0,6114,16596,16068,14385,5709,12207,2630,17533,5511,5709,12384,7689,10098,7203
玩趣·嘻嘻,545,2814,6312,15561,13802,12582,8216,7698,11737,9084,9975,3498,19953,10648,8216,18917,14146,14670
绮幻万圣夜,546,7182,0,14178,4389,4389,0,0,23571,0,21360,15189,12078,24264,11571,12078,17082,4389
嘴硬心软,551,7203,11592,12768,18279,17664,13275,10800,9393,13275,7182,7689,18279,9393,14871,17685,13782,19368
夏日雏菊,552,14146,19953,5260,14010,15495,19435,18917,0,18993,1762,8589,6312,0,11548,7348,5586,14528
镂空花连衣裙·黑,553,6312,11030,16126,17673,11172,11548,13284,8778,14670,10540,0,17178,7689,10351,17178,13275,18191
镂空花连衣裙·白,554,7203,10503,16881,18861,9975,11097,12978,9084,14364,11295,0,16881,8216,11097,16287,12605,18861
镂空花连衣裙·紫,555,10701,5444,20623,13473,5586,7348,7698,13275,9084,16126,4389,15561,12978,6151,12789,8589,12605
素馨茉莉,557,10680,2630,18733,10680,0,1762,3498,21360,3498,23815,9393,11571,22053,13333,11571,14871,9812
灰格制服裙,558,3498,0,13802,5586,4389,0,0,20402,0,17970,10098,14472,19884,9975,14472,16386,5586
绮幻万圣夜·绮夜,559,20457,13275,7611,7203,6411,12186,11592,10986,10800,13593,18585,0,12768,13383,0,5586,6114
羽之梦,560,3498,0,13802,5586,4389,0,0,20402,0,17970,10098,14472,19884,9975,14472,16386,5586
舞蝶吟,561,9393,13782,9975,16893,17676,14871,11307,7348,14178,5586,8898,14816,7348,16068,14816,11737,17982
鸣鹤之应,562,2211,6600,15561,13275,12276,7689,7689,12934,8778,11172,3498,20402,11548,8886,20402,15937,14364
鸣鹤之应·华丽,563,0,4389,12768,8886,8778,3300,4389,18477,4389,15398,6151,18279,16695,12384,20457,21084,9975
鸣鹤之应·珍稀,564,0,4389,11571,10482,9975,3300,4389,21567,4389,16971,9204,17982,20478,17664,20160,24867,11571
星球醇香,569,7887,12384,7797,15937,8216,9909,11737,9975,12605,11097,4841,8400,9975,19884,11172,15561,16234
啵啵的连衣裙,570,12384,19787,1762,11712,13593,17137,17883,4389,17091,5062,10800,3618,4389,17137,7182,11571,12626
芙蓉曲,571,3498,9812,11737,14484,7182,7162,10680,14364,10680,15037,2211,13593,13275,17137,17157,20457,15398
靡颜佚貌,572,3498,0,16994,7182,4389,0,0,23594,0,21162,10098,17664,22680,11571,17664,19182,7182
靡颜佚貌·华丽,573,5586,0,14880,7182,4389,0,0,24273,0,21666,13593,13980,24791,14364,13980,19205,7182
靡颜佚貌·绿茵,574,7182,0,16080,3498,4389,0,0,22680,0,21162,13782,13980,22680,7887,13980,15498,3498
靡颜佚貌·蓝紫,575,5586,0,16968,5586,4389,0,0,23568,0,21654,12186,16068,23172,9975,16068,17586,5586
红莓绢蝶,576,11714,17300,1762,10512,11548,15046,15396,4389,15046,5062,9909,2814,4389,15937,5586,9975,11030
亚尼拉海盗,577,11571,3300,17586,8778,0,2211,4389,20961,4389,23568,9996,9975,21357,12186,9975,14175,7689
巧克力物语,578,0,4389,12768,10482,8778,3300,4389,19368,4389,16068,6600,18279,17982,14871,20457,22371,11571
巧克力物语·棕,579,3498,10680,5586,12748,14201,8898,8944,12186,9812,8886,9230,12504,12186,18873,16068,19368,14530
飞羽,581,8778,13275,9393,17982,8886,10800,12186,10680,13275,12023,5062,9996,10680,21480,12768,16266,18279
花间序,583,8778,12078,9393,17082,7689,9900,10989,12768,12078,13593,6114,9393,12768,22668,11571,17157,17082
一品朱衣,584,0,4389,11571,10482,8778,3300,4389,20964,4389,16971,8007,17082,19875,17664,19260,24264,11571
九天帝女,585,4389,0,17664,7182,4389,0,0,24264,0,22053,10989,17664,23571,11571,17664,19182,7182
蝶舞翩跹,586,11592,16089,11295,19884,14472,16386,16386,3498,18861,5709,3300,11898,3498,14298,11898,9084,20181
蝶舞翩跹·华丽,587,9084,15398,6151,16101,11382,12748,13494,8778,14880,9451,6411,8007,8778,21526,11571,15960,17015
蝶舞翩跹·珍稀,588,8778,3300,18279,11571,0,2211,4389,23250,4389,24768,8007,12768,22953,16575,12768,18564,10482
蝶舞翩跹·紫蝶,589,9975,4200,17685,12768,0,2814,5586,22053,5586,24174,8007,11571,22053,17178,11571,17664,11382
蝶舞翩跹·粉蝶,590,8778,13275,9393,17982,8886,10800,12186,14364,13275,14793,6918,9996,14364,25164,12768,19950,18279
采撷草莓,591,14222,19587,7797,16386,16234,19884,19884,0,20623,2211,6798,8400,0,10800,8400,5586,16683
采撷草莓·华丽,592,9084,15398,6151,16101,11382,12748,13494,8778,14880,9451,6411,8007,8778,21526,11571,15960,17015
采撷草莓·珍稀,593,12768,15771,8400,18090,9789,13296,13593,12768,15375,13800,9018,7797,12768,26064,9975,17157,17793
采撷草莓·蓝提,594,8778,14871,9393,19182,10482,12000,13782,11571,14871,12693,5511,10800,11571,23571,14364,18753,19875
采撷草莓·抹茶,595,8778,14871,9393,19182,10482,12000,13782,11571,14871,12693,5511,10800,11571,23571,14364,18753,19875
花蔓定制,596,9975,3300,15189,8778,0,2211,4389,20160,4389,21975,9204,8778,20457,13782,8778,14871,7689
青花蝶,597,3498,8216,11737,13284,5586,5962,9084,13473,9084,14367,1762,12789,12384,15046,15561,36648,32480
贺礼,598,11571,17664,6600,17796,12582,14793,15189,7887,16971,9230,7162,8007,7887,22680,11571,15069,18489
物换星移,599,4389,6798,13383,12605,3498,4841,7887,14670,7887,16013,1762,12934,13284,13925,14670,16782,12384
芸香柠檬,600,14871,22053,2211,13407,14793,19182,19578,4389,19182,5511,12000,3618,4389,19182,7182,11571,14100
华美圣诞,601,13167,7689,11097,12186,3300,6600,6600,14472,7689,16386,10503,5586,15561,17772,5586,11172,11097
莫逆于心,602,3498,0,16994,7182,4389,0,0,22703,0,20492,9649,17664,21789,10680,17664,36969,25860
缤纷圣诞夜,603,3498,0,15398,7182,4389,0,0,24791,0,21666,11505,16068,24273,14364,16068,20775,7182
戎衣女侠,604,7182,0,15375,4389,4389,0,0,21084,0,19787,13333,13275,21480,7887,13275,14298,4389
恋爱法则·裙子,605,13980,21383,1762,12516,14793,18733,18687,3498,18291,4392,11551,3618,3498,17842,7182,10680,13430
金迷纸醉,608,4389,8886,13782,15771,5586,6411,9975,18753,9975,19182,3618,14385,17664,20775,17157,23250,16068
春之少女,613,10846,14367,9649,17499,12087,14146,13331,4389,15585,6151,4200,10098,4389,15037,10540,8778,17720
春之少女·华丽,614,9084,15398,5260,15210,11382,12748,13494,6996,14880,7890,5962,7116,6996,19744,10680,14178,16124
春之少女·珍稀,615,8778,12078,9393,17082,7689,9900,10989,12768,12078,13593,6114,9393,12768,22668,11571,17157,17082
雪之女王,616,8778,3300,18279,11571,0,2211,4389,21654,4389,23568,7203,12768,21357,14979,12768,16968,10482
含露低垂,617,3498,9812,11737,14484,7182,7162,10680,13473,10680,14367,1762,13593,12384,16246,17157,19566,15398
挥爪招财,618,10986,18354,0,7014,17793,16968,15582,6600,13404,3300,17982,6114,6600,14175,8886,12186,8400
高贵牛仔,622,7182,0,15375,4389,5586,0,0,22578,0,20457,14979,14175,22974,8778,14175,15792,4389
三叶恋,623,14871,20457,2211,12207,13197,17982,17982,4389,17586,5511,12000,2814,4389,17982,5586,9975,12504
甜心公主,625,7887,3300,14816,9975,0,2211,4389,18191,4389,19884,6312,9975,17970,13383,9975,14472,8886
甜心公主·华丽,626,9975,4200,17685,12768,0,2814,5586,20457,5586,22974,7203,11571,20457,15582,11571,16068,11382
竹夜歌,627,0,4389,14364,10482,8778,3300,4389,20964,4389,17664,6600,19875,19182,14871,22053,23571,11571
祥云千花,629,5586,11382,14385,18168,7182,8214,12768,15960,12768,17685,2211,15189,14871,19785,18753,40731,37242
祥云千花·靛,630,4389,10482,13782,16971,7182,7611,11571,15960,11571,17082,2211,15189,14871,19182,18753,40731,36342
蓝凰调,631,8778,3300,15486,9975,0,2211,4389,18861,4389,20775,7203,9975,18861,13383,9975,33150,27564
前程似锦,632,8778,13275,7797,16386,8886,10800,12186,9084,13275,10427,5062,8400,9084,19884,11172,33348,35361
前程似锦·蓝,633,6996,11714,7348,15046,8216,9460,10846,9975,11714,10648,4841,8400,9975,19435,11172,34239,34242
提线格莱斯,636,11571,3300,19182,8778,0,2211,4389,21360,4389,24264,9393,11571,21360,10989,11571,14178,7689
格莱斯,637,9975,4200,17685,12768,0,2814,5586,22053,5586,24174,8007,11571,22053,17178,11571,17664,11382
格莱斯·奇迹,638,4389,10482,14979,16971,7182,7611,11571,18354,11571,19179,2814,16386,16968,20379,19950,24150,17664
创世之凤舞,639,5586,0,15771,7182,4389,0,0,25164,0,22557,13593,14871,25461,14364,14871,19875,7182
天启之龙腾,640,3498,0,16994,7182,4389,0,0,24791,0,22062,10701,17664,23877,12768,17664,20379,7182
花月遥,641,9975,12978,8400,16683,7689,10503,12186,12768,13275,13800,6918,7797,12768,23271,9975,17157,16386
圣天之龙腾,642,11172,4200,16098,11172,0,2814,5586,20466,5586,22884,9204,9084,20984,15582,9084,15398,9786
戎衣女侠·暗紫,643,9084,2630,18730,9084,0,1762,3498,20466,3498,22746,7348,12768,20070,10846,12768,14484,8216
恋爱宝典·裙子,644,14175,18861,2211,10503,11403,16683,17178,3498,15792,4841,11548,2211,3498,14595,4389,7887,10503
玄灵之凤舞,645,4389,0,13980,7182,5586,0,0,23976,0,20469,13593,14880,24197,14364,14880,19808,7182
白翩语,001,6600,9900,15378,16467,8778,9900,12078,8778,13167,10989,0,15378,7689,9900,15378,12078,16467
夜阑珊,002,8778,3300,14289,8778,0,2211,4389,16467,4389,18678,6600,8778,16467,10989,8778,12078,7689
香槟,003,7797,11997,14199,17673,9975,11403,14472,6996,15561,9810,0,14199,6128,10512,14793,11714,17673
白莲,004,6600,9900,14686,17664,8778,9900,12078,8086,13167,10297,0,14686,7466,11097,14686,11855,17664
白雪喵星人,006,16989,22872,7797,16989,18186,23169,22575,0,22575,2211,9786,8400,0,11997,8400,5586,17286
虎皮喵星人,008,15486,21072,6600,15792,16386,20775,20478,0,20775,2211,8589,7203,0,11997,7797,5586,16089
童话星辰,009,14472,19761,2814,12600,11997,16989,18375,4389,17583,6114,10800,2814,4389,16989,5586,9975,12600
风谷星辰,010,16068,21357,2814,13404,13197,18585,19179,5586,18783,7014,12603,2814,5586,19782,5586,11172,13404
仲夏星辰,011,16968,22554,2814,13404,13800,19782,20376,4389,19386,6114,13197,2814,4389,18585,5586,9975,13404
巧克力泰迪,012,14472,19761,2814,12600,11997,16989,18375,7182,17583,8214,12207,2814,7182,19782,5586,12768,12600
糖果泰迪,013,14175,19761,2814,11997,11700,16989,18969,5586,17286,7014,11700,2814,5586,16989,5586,11172,11997
棉花糖泰迪,014,15372,22554,2814,13800,14196,19386,21168,4389,19782,6114,11997,3618,4389,18189,7182,11571,14196
魔域筝灵,015,17441,12286,6114,8400,5460,10900,10900,8886,11046,11403,13903,0,9975,13986,0,5586,7014
神域筝灵,016,13052,17872,2814,12600,11046,15100,16486,4389,16632,6114,8911,2814,4389,16989,5586,9975,12600
雪域筝灵,017,13275,17664,2211,10503,10800,15486,15981,4389,15189,5511,10800,2211,4389,15486,4389,8778,10503
烈火女神,019,0,5586,9975,9786,11172,4200,5586,18375,5586,14175,8400,16989,17286,15372,19761,22872,11172
月桂女神,020,0,5586,9975,9786,9975,4200,5586,16575,5586,13275,6600,16089,15486,14175,18861,21072,11172
玫瑰长裙,021,9084,4200,15419,11172,0,2814,5586,18191,5586,20487,6312,9975,17970,13986,9975,14472,9786
铃兰长裙,022,9975,4200,15198,9084,0,2814,5586,17970,5586,20487,7203,9084,17673,11898,9084,13284,7698
红女巫,024,5586,0,16968,7182,4389,0,0,24765,0,22554,12789,16068,24765,12768,16068,19179,7182
安琪儿,025,12384,18191,1762,10512,11997,15937,16287,5586,15495,5962,11403,2814,5586,17134,5586,11172,11030
小白雪公主,026,16758,9786,10512,11898,4200,8400,8400,13284,9786,16098,12600,3498,14670,17484,3498,9084,10512
格蕾雅·红酒,027,11700,18375,5586,12600,23169,19761,16989,2814,17583,0,14175,12600,2814,9786,12600,8400,13986
格蕾雅·果派,028,11997,17772,4389,10503,20181,18861,16089,2211,15792,0,14175,9900,2211,8886,9900,6600,11592
圆桌女皇,029,4389,0,14871,7182,5586,0,0,22074,0,19260,12186,15771,22074,11571,15771,17685,7182
雅典娜铠甲·紫,030,4389,0,13275,5586,4389,0,0,19875,0,17664,10989,13275,19875,9975,13275,15486,5586
雅典娜铠甲·黄,031,4389,0,13275,5586,4389,0,0,19875,0,17664,10989,13275,19875,9975,13275,15486,5586
高腰娃娃裙·粉,032,5586,9975,5586,11700,12087,8886,7203,12934,8589,9786,10512,10427,12934,20058,12605,17323,12789
高腰娃娃裙·蓝,033,9084,2630,18730,10680,0,1762,3498,22554,3498,24316,8400,12768,22554,14530,12768,16968,9812
白橄榄素裙,034,0,5586,9084,9786,9975,4200,5586,15684,5586,12384,6600,15198,14816,14175,17970,20402,11172
蝴蝶结之梦·黄,035,2500,6269,10038,10189,4389,4560,6889,13167,6889,13338,2211,10989,12078,13338,13167,16467,10658
蝴蝶结之梦·粉,036,6889,10658,5649,12400,7689,8949,9100,8778,10189,8949,5511,6600,8778,17727,8778,13167,12869
扬舞·蓝,037,15561,8589,12600,13383,3300,7203,7797,15372,8886,18186,11700,5586,16758,18375,5586,11172,11997
扬舞·黄,038,18354,9786,13800,13986,4200,8400,8400,18168,9786,20982,15000,5586,19950,21168,5586,12768,12600
扬舞·粉,039,20984,14880,7014,9204,7162,13494,12702,9786,12748,12600,17298,0,11172,15582,0,5586,7818
星光曲·紫,040,9975,4200,17286,11172,0,2814,5586,20058,5586,22575,7203,11172,19761,13986,11172,15372,9786
星光曲·绿,041,11172,4200,16989,9975,0,2814,5586,19761,5586,22575,8400,9975,19761,12789,9975,14175,8589
星河曲·白,042,9975,4200,17286,11172,0,2814,5586,20058,5586,22575,7203,11172,19761,13986,11172,15372,9786
秋沉灵,044,17787,14289,9230,10989,9900,15378,14289,2630,14289,5709,11187,4389,3498,6600,2211,0,9900
冬霜雪,045,18678,14289,9900,10989,9900,15378,14289,3300,14289,6600,12078,4389,4389,6600,2211,0,9900
春繁花,046,18008,13398,9900,10989,9451,14487,13398,3300,13840,6600,11187,4389,4389,6600,2211,0,9900
夏艳燃,047,18678,14289,9900,10989,9900,15378,14289,3300,14289,6600,12078,4389,4389,6600,2211,0,9900
老师衣橱·蓝,048,11295,15495,11592,20326,12605,14901,16234,4389,18191,7203,2630,11592,4389,14901,12186,9975,20326
老师衣橱·紫,049,10701,15198,12186,20326,13802,15495,15937,4389,18191,6600,2630,12789,4389,14298,12789,9975,20623
老师衣橱·青,050,10098,14595,10989,19129,12605,14298,15037,4389,16994,6600,2630,11592,4389,14298,12186,9975,19426
方片情人·红,051,11592,6114,21072,15561,5586,7797,8589,13275,9975,16575,4389,15561,13275,7797,12789,8886,14472
方片情人·蓝,052,8778,3300,14595,7887,0,2211,4389,16773,4389,18984,6600,9084,16476,10098,9084,12087,6798
方片情人·黑,053,10701,6114,20402,15561,5586,7797,8589,12605,9975,15684,3498,15561,12384,7797,12789,8886,14472
四叶草之恋·粉,054,14175,18564,2814,11097,10503,16089,17772,4389,16089,6114,11097,2211,4389,14892,4389,8778,10800
四叶草之恋·蓝,055,12978,17664,2211,9900,10503,15486,16575,4389,14892,5511,11097,2211,4389,14289,4389,8778,9900
歌者·粉,056,7203,11592,9975,15486,17664,13275,10800,6600,13275,4389,7689,15486,6600,12078,14892,10989,16575
歌者·紫,057,2211,7797,13167,12978,14364,8589,8886,10989,9975,8778,4389,19281,9900,8589,19875,15486,14364
歌者·白,058,13383,17583,11592,21378,14175,16989,17286,4389,19761,7203,4200,11592,4389,16989,12186,9975,21378
歌者·青,059,12789,17286,12186,21378,15372,17583,16989,4389,19761,6600,4200,12789,4389,16386,12789,9975,21675
绿烟,060,11898,16616,12934,21684,15372,17134,16098,5586,18870,7348,4200,13986,5586,17134,13986,11172,22202
绿烟林微,061,3498,9812,12934,14484,7182,7162,10680,16758,10680,17134,2814,14790,15372,18334,18354,22554,15398
名媛连衣裙,062,7203,2814,18861,9975,9975,5586,4200,15486,5586,14364,8778,18861,15189,4389,16089,10800,9975
白衣天使,063,21378,16089,11997,12186,11700,17772,16386,4200,16089,7797,14472,5586,5586,6600,2814,0,11097
岚谧轻粉,064,4389,8778,5586,11097,12078,7689,6600,13383,7689,9786,10503,11097,13383,18861,13275,17772,12186
金菊呈祥,065,4389,9975,3498,9909,12384,8589,7797,10846,8886,7698,9612,8942,10846,17673,11714,16432,11295
梨院琳琅,066,8216,16266,0,8214,18730,14484,13494,8400,13144,4200,16098,7818,8400,16572,11382,15582,9996
翠竹阁,067,15372,20958,2814,12600,12600,18186,19572,5586,18186,7014,12600,2814,5586,18186,5586,11172,12600
小女仆,068,18678,14289,9900,10989,9900,15378,14289,3300,14289,6600,12078,4389,4389,6600,2211,0,9900
甜心女仆,069,19761,15372,6114,8400,7014,13986,13986,8886,12600,11403,16989,0,9975,13986,0,5586,7014
巧克力女仆,070,20958,15372,7014,8400,7014,13986,13986,11382,12600,13800,18990,0,12768,15582,0,7182,7014
豹纹风情,071,9084,2630,14740,7887,0,1762,3498,18564,3498,20326,8400,8778,18861,11737,8778,13275,7019
黑白配,072,12186,6411,20478,15561,4389,7203,8886,13275,9975,17178,4389,14364,13275,8400,12186,8886,14175
上海滩,073,8778,3300,15486,9975,0,2211,4389,17664,4389,19875,6600,9975,17664,12186,9975,13275,8886
上海一梦,074,9975,3300,16386,8778,0,2211,4389,18564,4389,21072,7797,9975,18564,10989,9975,12978,7689
上海烟云梦,075,11172,4200,17694,9084,0,2814,5586,20466,5586,23280,8400,10680,20070,11898,10680,14484,7698
舞会皇后,076,9975,4200,17286,11172,0,2814,5586,18861,5586,21675,6600,11172,18564,12789,11172,14175,9786
美梦成真,077,3498,6128,10540,10517,3498,4392,6996,14364,6996,14740,2814,10540,13275,14367,12276,16773,10517
森女鹿,078,11403,17178,5586,11097,20478,18861,16386,2211,16089,0,13275,11097,2211,7689,10503,6600,12186
森女与麋鹿,079,11548,18520,3498,10512,21684,18870,16616,2814,16098,0,15372,10512,2814,9786,11548,8400,11898
星之海,080,11571,5400,19686,14364,0,3618,7182,21654,7182,24975,7203,12768,21357,16386,12768,16968,12582
梦幻芭比,081,16758,9786,10512,11898,4200,8400,8400,13284,9786,16098,12600,3498,14670,17484,3498,9084,10512
镂花夜,082,9975,4200,16089,11172,0,2814,5586,18861,5586,21378,7203,9975,18861,13986,9975,14472,9786
星星连衣裙,083,7203,10503,17772,17664,9975,11097,12978,9975,14364,12186,0,17772,8589,9900,17178,12978,17664
午夜精灵,084,10989,5511,19875,14364,4389,6600,7689,13275,8778,16575,4389,14364,13275,7797,12186,8886,13275
品酒师,085,6600,2211,16467,8778,8778,4389,3300,14289,4389,13167,8778,16467,14289,4389,14289,9900,8778
惑影,086,10989,5511,19875,13167,4389,6600,7689,13275,8778,16575,4389,14364,12978,6600,12186,8589,12078
凉爽夏天,087,6600,9900,13489,16467,8778,9900,12078,6889,13167,9100,0,13489,6269,9900,13489,10658,16467
暧昧,088,13383,6411,20181,14364,4389,7203,8886,12978,9975,17178,5586,13167,13275,7203,10989,7689,12978
民谣,090,10503,15981,5586,11097,21072,17664,15189,2814,15486,0,13275,11997,2814,7689,11403,7203,12186
亚麻味道,092,7203,11592,8086,13597,17664,13275,10800,4711,13275,2500,7689,13597,4711,10189,13003,9100,14686
梦花田,093,13275,18564,2814,11997,11097,15792,17772,4389,16683,6114,9900,2814,4389,15792,5586,9975,11997
樱桃色拉,094,14892,20478,7797,16386,16683,20775,20775,0,21072,2211,7689,8400,0,10800,8400,5586,16683
暗旋宫廷,095,15981,10503,16683,17772,8886,12186,10800,8886,13275,12186,7689,11172,9975,12186,8400,5586,16683
旋律悠扬,096,13430,16014,14298,16994,12442,16928,19578,3498,19624,7116,3498,12442,2630,6248,10614,6128,16080
牛仔女郎,097,5314,8812,11172,15062,16550,10716,8958,8400,10964,5586,7466,17134,8400,10716,16098,11898,15930
女神领域,098,21516,15016,15000,15624,10824,16798,17340,4200,18006,9204,10964,7182,5586,6118,3618,0,13842
藕粉长裙,099,18984,14298,10503,11737,9230,15090,15037,3300,14816,7203,11408,4389,4389,6312,2211,0,10351